<?xml version="1.0" encoding="UTF-8"?><rss version="2.0"
	xmlns:content="http://purl.org/rss/1.0/modules/content/"
	xmlns:wfw="http://wellformedweb.org/CommentAPI/"
	xmlns:dc="http://purl.org/dc/elements/1.1/"
	xmlns:atom="http://www.w3.org/2005/Atom"
	xmlns:sy="http://purl.org/rss/1.0/modules/syndication/"
	xmlns:slash="http://purl.org/rss/1.0/modules/slash/"
	>

<channel>
	<title>Dresses &#8211; Phương Anh Blogs</title>
	<atom:link href="httphttps://github.com/Anh2206/anh2206.github.io.githttps://github.com/Anh2206/anh2206.github.io.git/danh-muc-san-pham/dresses/feed/" rel="self" type="application/rss+xml" />
	<link>httphttps://github.com/Anh2206/anh2206.github.io.githttps://github.com/Anh2206/anh2206.github.io.git</link>
	<description></description>
	<lastBuildDate>Mon, 26 Jul 2021 04:07:01 +0000</lastBuildDate>
	<language>vi</language>
	<sy:updatePeriod>
	hourly	</sy:updatePeriod>
	<sy:updateFrequency>
	1	</sy:updateFrequency>
	<generator>https://wordpress.org/?v=6.3.1</generator>
	<item>
		<title>Eterna long dress black</title>
		<link>httphttps://github.com/Anh2206/anh2206.github.io.githttps://github.com/Anh2206/anh2206.github.io.git/san-pham/eterna-long-dress-black/</link>
					<comments>httphttps://github.com/Anh2206/anh2206.github.io.githttps://github.com/Anh2206/anh2206.github.io.git/san-pham/eterna-long-dress-black/#respond</comments>
		
		<dc:creator><![CDATA[anna2206]]></dc:creator>
		<pubDate>Mon, 26 Jul 2021 04:07:01 +0000</pubDate>
				<guid isPermaLink="false">httphttps://github.com/Anh2206/anh2206.github.io.githttps://github.com/Anh2206/anh2206.github.io.git/san-pham/eterna-long-dress-black/</guid>

					<description><![CDATA[Cras in blandit semper eget interdum lacus ultrices ultricies malesuada magna nullam velit, elit scelerisque imperdiet natoque mi velit volutpat quis nibh sagittis orci sem orci sit feugiat mauris, auctor mauris malesuada lectus ut dictum massa turpis a quis tellus aliquam amet malesuada enim ac orci leo arcu justo blandit.]]></description>
										<content:encoded><![CDATA[<p>Cras in blandit semper eget interdum lacus, enim aliquet ut quam tincidunt volutpat congue mauris nibh justo, magnis amet velit nam mauris sociis amet neque mauris interdum ultrices nisi phasellus libero nunc.</p>
<p>Ut ultrices ultricies malesuada magna nullam velit, elit scelerisque imperdiet natoque mi velit volutpat quis nibh sagittis orci sem orci sit feugiat mauris, auctor mauris malesuada lectus ut dictum massa turpis a quis tellus aliquam amet malesuada enim ac orci leo arcu justo blandit ut eu ornare cras. Orci risus magna est vitae enim sit turpis sed gravida dignissim cras dictum in metus id.</p>
<p>Venenatis sed tristique etiam risus odio sem scelerisque interdum non a tellus, fermentum cras luctus felis.</p>
]]></content:encoded>
					
					<wfw:commentRss>httphttps://github.com/Anh2206/anh2206.github.io.githttps://github.com/Anh2206/anh2206.github.io.git/san-pham/eterna-long-dress-black/feed/</wfw:commentRss>
			<slash:comments>0</slash:comments>
		
		
			</item>
		<item>
		<title>Alnich night dress navy</title>
		<link>httphttps://github.com/Anh2206/anh2206.github.io.githttps://github.com/Anh2206/anh2206.github.io.git/san-pham/alnich-night-dress-navy/</link>
					<comments>httphttps://github.com/Anh2206/anh2206.github.io.githttps://github.com/Anh2206/anh2206.github.io.git/san-pham/alnich-night-dress-navy/#respond</comments>
		
		<dc:creator><![CDATA[anna2206]]></dc:creator>
		<pubDate>Mon, 26 Jul 2021 04:02:23 +0000</pubDate>
				<guid isPermaLink="false">httphttps://github.com/Anh2206/anh2206.github.io.githttps://github.com/Anh2206/anh2206.github.io.git/san-pham/alnich-night-dress-navy/</guid>

					<description><![CDATA[Cras in blandit semper eget interdum lacus ultrices ultricies malesuada magna nullam velit, elit scelerisque imperdiet natoque mi velit volutpat quis nibh sagittis orci sem orci sit feugiat mauris, auctor mauris malesuada lectus ut dictum massa turpis a quis tellus aliquam amet malesuada enim ac orci leo arcu justo blandit.]]></description>
										<content:encoded><![CDATA[<p>Cras in blandit semper eget interdum lacus, enim aliquet ut quam tincidunt volutpat congue mauris nibh justo, magnis amet velit nam mauris sociis amet neque mauris interdum ultrices nisi phasellus libero nunc.</p>
<p>Ut ultrices ultricies malesuada magna nullam velit, elit scelerisque imperdiet natoque mi velit volutpat quis nibh sagittis orci sem orci sit feugiat mauris, auctor mauris malesuada lectus ut dictum massa turpis a quis tellus aliquam amet malesuada enim ac orci leo arcu justo blandit ut eu ornare cras. Orci risus magna est vitae enim sit turpis sed gravida dignissim cras dictum in metus id.</p>
<p>Venenatis sed tristique etiam risus odio sem scelerisque interdum non a tellus, fermentum cras luctus felis.</p>
]]></content:encoded>
					
					<wfw:commentRss>httphttps://github.com/Anh2206/anh2206.github.io.githttps://github.com/Anh2206/anh2206.github.io.git/san-pham/alnich-night-dress-navy/feed/</wfw:commentRss>
			<slash:comments>0</slash:comments>
		
		
			</item>
		<item>
		<title>Meena dress maroon</title>
		<link>httphttps://github.com/Anh2206/anh2206.github.io.githttps://github.com/Anh2206/anh2206.github.io.git/san-pham/meena-dress-maroon/</link>
					<comments>httphttps://github.com/Anh2206/anh2206.github.io.githttps://github.com/Anh2206/anh2206.github.io.git/san-pham/meena-dress-maroon/#respond</comments>
		
		<dc:creator><![CDATA[anna2206]]></dc:creator>
		<pubDate>Mon, 26 Jul 2021 04:00:51 +0000</pubDate>
				<guid isPermaLink="false">httphttps://github.com/Anh2206/anh2206.github.io.githttps://github.com/Anh2206/anh2206.github.io.git/san-pham/meena-dress-maroon/</guid>

					<description><![CDATA[Cras in blandit semper eget interdum lacus ultrices ultricies malesuada magna nullam velit, elit scelerisque imperdiet natoque mi velit volutpat quis nibh sagittis orci sem orci sit feugiat mauris, auctor mauris malesuada lectus ut dictum massa turpis a quis tellus aliquam amet malesuada enim ac orci leo arcu justo blandit.]]></description>
										<content:encoded><![CDATA[<p>Cras in blandit semper eget interdum lacus, enim aliquet ut quam tincidunt volutpat congue mauris nibh justo, magnis amet velit nam mauris sociis amet neque mauris interdum ultrices nisi phasellus libero nunc.</p>
<p>Ut ultrices ultricies malesuada magna nullam velit, elit scelerisque imperdiet natoque mi velit volutpat quis nibh sagittis orci sem orci sit feugiat mauris, auctor mauris malesuada lectus ut dictum massa turpis a quis tellus aliquam amet malesuada enim ac orci leo arcu justo blandit ut eu ornare cras. Orci risus magna est vitae enim sit turpis sed gravida dignissim cras dictum in metus id.</p>
<p>Venenatis sed tristique etiam risus odio sem scelerisque interdum non a tellus, fermentum cras luctus felis.</p>
]]></content:encoded>
					
					<wfw:commentRss>httphttps://github.com/Anh2206/anh2206.github.io.githttps://github.com/Anh2206/anh2206.github.io.git/san-pham/meena-dress-maroon/feed/</wfw:commentRss>
			<slash:comments>0</slash:comments>
		
		
			</item>
		<item>
		<title>Eline short dress black</title>
		<link>httphttps://github.com/Anh2206/anh2206.github.io.githttps://github.com/Anh2206/anh2206.github.io.git/san-pham/eline-short-dress-black/</link>
					<comments>httphttps://github.com/Anh2206/anh2206.github.io.githttps://github.com/Anh2206/anh2206.github.io.git/san-pham/eline-short-dress-black/#respond</comments>
		
		<dc:creator><![CDATA[anna2206]]></dc:creator>
		<pubDate>Mon, 26 Jul 2021 03:42:27 +0000</pubDate>
				<guid isPermaLink="false">httphttps://github.com/Anh2206/anh2206.github.io.githttps://github.com/Anh2206/anh2206.github.io.git/san-pham/eline-short-dress-black/</guid>

					<description><![CDATA[Cras in blandit semper eget interdum lacus ultrices ultricies malesuada magna nullam velit, elit scelerisque imperdiet natoque mi velit volutpat quis nibh sagittis orci sem orci sit feugiat mauris, auctor mauris malesuada lectus ut dictum massa turpis a quis tellus aliquam amet malesuada enim ac orci leo arcu justo blandit.]]></description>
										<content:encoded><![CDATA[<p>Cras in blandit semper eget interdum lacus, enim aliquet ut quam tincidunt volutpat congue mauris nibh justo, magnis amet velit nam mauris sociis amet neque mauris interdum ultrices nisi phasellus libero nunc.</p>
<p>Ut ultrices ultricies malesuada magna nullam velit, elit scelerisque imperdiet natoque mi velit volutpat quis nibh sagittis orci sem orci sit feugiat mauris, auctor mauris malesuada lectus ut dictum massa turpis a quis tellus aliquam amet malesuada enim ac orci leo arcu justo blandit ut eu ornare cras. Orci risus magna est vitae enim sit turpis sed gravida dignissim cras dictum in metus id.</p>
<p>Venenatis sed tristique etiam risus odio sem scelerisque interdum non a tellus, fermentum cras luctus felis.</p>
]]></content:encoded>
					
					<wfw:commentRss>httphttps://github.com/Anh2206/anh2206.github.io.githttps://github.com/Anh2206/anh2206.github.io.git/san-pham/eline-short-dress-black/feed/</wfw:commentRss>
			<slash:comments>0</slash:comments>
		
		
			</item>
		<item>
		<title>Gold night party dress</title>
		<link>httphttps://github.com/Anh2206/anh2206.github.io.githttps://github.com/Anh2206/anh2206.github.io.git/san-pham/gold-night-party-dress/</link>
					<comments>httphttps://github.com/Anh2206/anh2206.github.io.githttps://github.com/Anh2206/anh2206.github.io.git/san-pham/gold-night-party-dress/#respond</comments>
		
		<dc:creator><![CDATA[anna2206]]></dc:creator>
		<pubDate>Mon, 26 Jul 2021 02:04:26 +0000</pubDate>
				<guid isPermaLink="false">httphttps://github.com/Anh2206/anh2206.github.io.githttps://github.com/Anh2206/anh2206.github.io.git/san-pham/gold-night-party-dress/</guid>

					<description><![CDATA[Cras in blandit semper eget interdum lacus ultrices ultricies malesuada magna nullam velit, elit scelerisque imperdiet natoque mi velit volutpat quis nibh sagittis orci sem orci sit feugiat mauris, auctor mauris malesuada lectus ut dictum massa turpis a quis tellus aliquam amet malesuada enim ac orci leo arcu justo blandit.]]></description>
										<content:encoded><![CDATA[<p>Cras in blandit semper eget interdum lacus, enim aliquet ut quam tincidunt volutpat congue mauris nibh justo, magnis amet velit nam mauris sociis amet neque mauris interdum ultrices nisi phasellus libero nunc.</p>
<p>Ut ultrices ultricies malesuada magna nullam velit, elit scelerisque imperdiet natoque mi velit volutpat quis nibh sagittis orci sem orci sit feugiat mauris, auctor mauris malesuada lectus ut dictum massa turpis a quis tellus aliquam amet malesuada enim ac orci leo arcu justo blandit ut eu ornare cras. Orci risus magna est vitae enim sit turpis sed gravida dignissim cras dictum in metus id.</p>
<p>Venenatis sed tristique etiam risus odio sem scelerisque interdum non a tellus, fermentum cras luctus felis.</p>
]]></content:encoded>
					
					<wfw:commentRss>httphttps://github.com/Anh2206/anh2206.github.io.githttps://github.com/Anh2206/anh2206.github.io.git/san-pham/gold-night-party-dress/feed/</wfw:commentRss>
			<slash:comments>0</slash:comments>
		
		
			</item>
	</channel>
</rss>
