<?xml version="1.0" encoding="UTF-8"?><rss version="2.0"
	xmlns:content="http://purl.org/rss/1.0/modules/content/"
	xmlns:wfw="http://wellformedweb.org/CommentAPI/"
	xmlns:dc="http://purl.org/dc/elements/1.1/"
	xmlns:atom="http://www.w3.org/2005/Atom"
	xmlns:sy="http://purl.org/rss/1.0/modules/syndication/"
	xmlns:slash="http://purl.org/rss/1.0/modules/slash/"
	>

<channel>
	<title>Accessories &#8211; Phương Anh Blogs</title>
	<atom:link href="httphttps://github.com/Anh2206/anh2206.github.io.githttps://github.com/Anh2206/anh2206.github.io.git/danh-muc-san-pham/accessories/feed/" rel="self" type="application/rss+xml" />
	<link>httphttps://github.com/Anh2206/anh2206.github.io.githttps://github.com/Anh2206/anh2206.github.io.git</link>
	<description></description>
	<lastBuildDate>Mon, 26 Jul 2021 03:58:10 +0000</lastBuildDate>
	<language>vi</language>
	<sy:updatePeriod>
	hourly	</sy:updatePeriod>
	<sy:updateFrequency>
	1	</sy:updateFrequency>
	<generator>https://wordpress.org/?v=6.3.1</generator>
	<item>
		<title>Serenity silver watch</title>
		<link>httphttps://github.com/Anh2206/anh2206.github.io.githttps://github.com/Anh2206/anh2206.github.io.git/san-pham/serenity-silver-watch/</link>
					<comments>httphttps://github.com/Anh2206/anh2206.github.io.githttps://github.com/Anh2206/anh2206.github.io.git/san-pham/serenity-silver-watch/#respond</comments>
		
		<dc:creator><![CDATA[anna2206]]></dc:creator>
		<pubDate>Mon, 26 Jul 2021 03:58:10 +0000</pubDate>
				<guid isPermaLink="false">httphttps://github.com/Anh2206/anh2206.github.io.githttps://github.com/Anh2206/anh2206.github.io.git/san-pham/serenity-silver-watch/</guid>

					<description><![CDATA[Cras in blandit semper eget interdum lacus ultrices ultricies malesuada magna nullam velit, elit scelerisque imperdiet natoque mi velit volutpat quis nibh sagittis orci sem orci sit feugiat mauris, auctor mauris malesuada lectus ut dictum massa turpis a quis tellus aliquam amet malesuada enim ac orci leo arcu justo blandit.]]></description>
										<content:encoded><![CDATA[<p>Cras in blandit semper eget interdum lacus, enim aliquet ut quam tincidunt volutpat congue mauris nibh justo, magnis amet velit nam mauris sociis amet neque mauris interdum ultrices nisi phasellus libero nunc.</p>
<p>Ut ultrices ultricies malesuada magna nullam velit, elit scelerisque imperdiet natoque mi velit volutpat quis nibh sagittis orci sem orci sit feugiat mauris, auctor mauris malesuada lectus ut dictum massa turpis a quis tellus aliquam amet malesuada enim ac orci leo arcu justo blandit ut eu ornare cras. Orci risus magna est vitae enim sit turpis sed gravida dignissim cras dictum in metus id.</p>
<p>Venenatis sed tristique etiam risus odio sem scelerisque interdum non a tellus, fermentum cras luctus felis.</p>
]]></content:encoded>
					
					<wfw:commentRss>httphttps://github.com/Anh2206/anh2206.github.io.githttps://github.com/Anh2206/anh2206.github.io.git/san-pham/serenity-silver-watch/feed/</wfw:commentRss>
			<slash:comments>0</slash:comments>
		
		
			</item>
		<item>
		<title>Exile pearl necklace</title>
		<link>httphttps://github.com/Anh2206/anh2206.github.io.githttps://github.com/Anh2206/anh2206.github.io.git/san-pham/exile-pearl-necklace/</link>
					<comments>httphttps://github.com/Anh2206/anh2206.github.io.githttps://github.com/Anh2206/anh2206.github.io.git/san-pham/exile-pearl-necklace/#respond</comments>
		
		<dc:creator><![CDATA[anna2206]]></dc:creator>
		<pubDate>Mon, 26 Jul 2021 03:53:45 +0000</pubDate>
				<guid isPermaLink="false">httphttps://github.com/Anh2206/anh2206.github.io.githttps://github.com/Anh2206/anh2206.github.io.git/san-pham/exile-pearl-necklace/</guid>

					<description><![CDATA[Cras in blandit semper eget interdum lacus ultrices ultricies malesuada magna nullam velit, elit scelerisque imperdiet natoque mi velit volutpat quis nibh sagittis orci sem orci sit feugiat mauris, auctor mauris malesuada lectus ut dictum massa turpis a quis tellus aliquam amet malesuada enim ac orci leo arcu justo blandit.]]></description>
										<content:encoded><![CDATA[<p>Cras in blandit semper eget interdum lacus, enim aliquet ut quam tincidunt volutpat congue mauris nibh justo, magnis amet velit nam mauris sociis amet neque mauris interdum ultrices nisi phasellus libero nunc.</p>
<p>Ut ultrices ultricies malesuada magna nullam velit, elit scelerisque imperdiet natoque mi velit volutpat quis nibh sagittis orci sem orci sit feugiat mauris, auctor mauris malesuada lectus ut dictum massa turpis a quis tellus aliquam amet malesuada enim ac orci leo arcu justo blandit ut eu ornare cras. Orci risus magna est vitae enim sit turpis sed gravida dignissim cras dictum in metus id.</p>
<p>Venenatis sed tristique etiam risus odio sem scelerisque interdum non a tellus, fermentum cras luctus felis.</p>
]]></content:encoded>
					
					<wfw:commentRss>httphttps://github.com/Anh2206/anh2206.github.io.githttps://github.com/Anh2206/anh2206.github.io.git/san-pham/exile-pearl-necklace/feed/</wfw:commentRss>
			<slash:comments>0</slash:comments>
		
		
			</item>
		<item>
		<title>Donna gold frame glasses</title>
		<link>httphttps://github.com/Anh2206/anh2206.github.io.githttps://github.com/Anh2206/anh2206.github.io.git/san-pham/donna-gold-frame-glasses/</link>
					<comments>httphttps://github.com/Anh2206/anh2206.github.io.githttps://github.com/Anh2206/anh2206.github.io.git/san-pham/donna-gold-frame-glasses/#respond</comments>
		
		<dc:creator><![CDATA[anna2206]]></dc:creator>
		<pubDate>Mon, 26 Jul 2021 03:45:34 +0000</pubDate>
				<guid isPermaLink="false">httphttps://github.com/Anh2206/anh2206.github.io.githttps://github.com/Anh2206/anh2206.github.io.git/san-pham/donna-gold-frame-glasses/</guid>

					<description><![CDATA[Cras in blandit semper eget interdum lacus ultrices ultricies malesuada magna nullam velit, elit scelerisque imperdiet natoque mi velit volutpat quis nibh sagittis orci sem orci sit feugiat mauris, auctor mauris malesuada lectus ut dictum massa turpis a quis tellus aliquam amet malesuada enim ac orci leo arcu justo blandit.]]></description>
										<content:encoded><![CDATA[<p>Cras in blandit semper eget interdum lacus, enim aliquet ut quam tincidunt volutpat congue mauris nibh justo, magnis amet velit nam mauris sociis amet neque mauris interdum ultrices nisi phasellus libero nunc.</p>
<p>Ut ultrices ultricies malesuada magna nullam velit, elit scelerisque imperdiet natoque mi velit volutpat quis nibh sagittis orci sem orci sit feugiat mauris, auctor mauris malesuada lectus ut dictum massa turpis a quis tellus aliquam amet malesuada enim ac orci leo arcu justo blandit ut eu ornare cras. Orci risus magna est vitae enim sit turpis sed gravida dignissim cras dictum in metus id.</p>
<p>Venenatis sed tristique etiam risus odio sem scelerisque interdum non a tellus, fermentum cras luctus felis.</p>
]]></content:encoded>
					
					<wfw:commentRss>httphttps://github.com/Anh2206/anh2206.github.io.githttps://github.com/Anh2206/anh2206.github.io.git/san-pham/donna-gold-frame-glasses/feed/</wfw:commentRss>
			<slash:comments>0</slash:comments>
		
		
			</item>
		<item>
		<title>Dora black gradient eyewear</title>
		<link>httphttps://github.com/Anh2206/anh2206.github.io.githttps://github.com/Anh2206/anh2206.github.io.git/san-pham/dora-black-gradient-eyewear/</link>
					<comments>httphttps://github.com/Anh2206/anh2206.github.io.githttps://github.com/Anh2206/anh2206.github.io.git/san-pham/dora-black-gradient-eyewear/#respond</comments>
		
		<dc:creator><![CDATA[anna2206]]></dc:creator>
		<pubDate>Mon, 26 Jul 2021 03:28:41 +0000</pubDate>
				<guid isPermaLink="false">httphttps://github.com/Anh2206/anh2206.github.io.githttps://github.com/Anh2206/anh2206.github.io.git/san-pham/dora-black-gradient-eyewear/</guid>

					<description><![CDATA[Cras in blandit semper eget interdum lacus ultrices ultricies malesuada magna nullam velit, elit scelerisque imperdiet natoque mi velit volutpat quis nibh sagittis orci sem orci sit feugiat mauris, auctor mauris malesuada lectus ut dictum massa turpis a quis tellus aliquam amet malesuada enim ac orci leo arcu justo blandit.]]></description>
										<content:encoded><![CDATA[<p>Cras in blandit semper eget interdum lacus, enim aliquet ut quam tincidunt volutpat congue mauris nibh justo, magnis amet velit nam mauris sociis amet neque mauris interdum ultrices nisi phasellus libero nunc.</p>
<p>Ut ultrices ultricies malesuada magna nullam velit, elit scelerisque imperdiet natoque mi velit volutpat quis nibh sagittis orci sem orci sit feugiat mauris, auctor mauris malesuada lectus ut dictum massa turpis a quis tellus aliquam amet malesuada enim ac orci leo arcu justo blandit ut eu ornare cras. Orci risus magna est vitae enim sit turpis sed gravida dignissim cras dictum in metus id.</p>
<p>Venenatis sed tristique etiam risus odio sem scelerisque interdum non a tellus, fermentum cras luctus felis.</p>
]]></content:encoded>
					
					<wfw:commentRss>httphttps://github.com/Anh2206/anh2206.github.io.githttps://github.com/Anh2206/anh2206.github.io.git/san-pham/dora-black-gradient-eyewear/feed/</wfw:commentRss>
			<slash:comments>0</slash:comments>
		
		
			</item>
		<item>
		<title>Solla outdoor sunglasses</title>
		<link>httphttps://github.com/Anh2206/anh2206.github.io.githttps://github.com/Anh2206/anh2206.github.io.git/san-pham/solla-outdoor-sunglasses/</link>
					<comments>httphttps://github.com/Anh2206/anh2206.github.io.githttps://github.com/Anh2206/anh2206.github.io.git/san-pham/solla-outdoor-sunglasses/#respond</comments>
		
		<dc:creator><![CDATA[anna2206]]></dc:creator>
		<pubDate>Mon, 26 Jul 2021 03:27:05 +0000</pubDate>
				<guid isPermaLink="false">httphttps://github.com/Anh2206/anh2206.github.io.githttps://github.com/Anh2206/anh2206.github.io.git/san-pham/solla-outdoor-sunglasses/</guid>

					<description><![CDATA[Cras in blandit semper eget interdum lacus ultrices ultricies malesuada magna nullam velit, elit scelerisque imperdiet natoque mi velit volutpat quis nibh sagittis orci sem orci sit feugiat mauris, auctor mauris malesuada lectus ut dictum massa turpis a quis tellus aliquam amet malesuada enim ac orci leo arcu justo blandit.]]></description>
										<content:encoded><![CDATA[<p>Cras in blandit semper eget interdum lacus, enim aliquet ut quam tincidunt volutpat congue mauris nibh justo, magnis amet velit nam mauris sociis amet neque mauris interdum ultrices nisi phasellus libero nunc.</p>
<p>Ut ultrices ultricies malesuada magna nullam velit, elit scelerisque imperdiet natoque mi velit volutpat quis nibh sagittis orci sem orci sit feugiat mauris, auctor mauris malesuada lectus ut dictum massa turpis a quis tellus aliquam amet malesuada enim ac orci leo arcu justo blandit ut eu ornare cras. Orci risus magna est vitae enim sit turpis sed gravida dignissim cras dictum in metus id.</p>
<p>Venenatis sed tristique etiam risus odio sem scelerisque interdum non a tellus, fermentum cras luctus felis.</p>
]]></content:encoded>
					
					<wfw:commentRss>httphttps://github.com/Anh2206/anh2206.github.io.githttps://github.com/Anh2206/anh2206.github.io.git/san-pham/solla-outdoor-sunglasses/feed/</wfw:commentRss>
			<slash:comments>0</slash:comments>
		
		
			</item>
		<item>
		<title>Noorin gold ring watch</title>
		<link>httphttps://github.com/Anh2206/anh2206.github.io.githttps://github.com/Anh2206/anh2206.github.io.git/san-pham/noorin-gold-ring-watch/</link>
					<comments>httphttps://github.com/Anh2206/anh2206.github.io.githttps://github.com/Anh2206/anh2206.github.io.git/san-pham/noorin-gold-ring-watch/#respond</comments>
		
		<dc:creator><![CDATA[anna2206]]></dc:creator>
		<pubDate>Mon, 26 Jul 2021 03:21:24 +0000</pubDate>
				<guid isPermaLink="false">httphttps://github.com/Anh2206/anh2206.github.io.githttps://github.com/Anh2206/anh2206.github.io.git/san-pham/noorin-gold-ring-watch/</guid>

					<description><![CDATA[Cras in blandit semper eget interdum lacus ultrices ultricies malesuada magna nullam velit, elit scelerisque imperdiet natoque mi velit volutpat quis nibh sagittis orci sem orci sit feugiat mauris, auctor mauris malesuada lectus ut dictum massa turpis a quis tellus aliquam amet malesuada enim ac orci leo arcu justo blandit.]]></description>
										<content:encoded><![CDATA[<p>Cras in blandit semper eget interdum lacus, enim aliquet ut quam tincidunt volutpat congue mauris nibh justo, magnis amet velit nam mauris sociis amet neque mauris interdum ultrices nisi phasellus libero nunc.</p>
<p>Ut ultrices ultricies malesuada magna nullam velit, elit scelerisque imperdiet natoque mi velit volutpat quis nibh sagittis orci sem orci sit feugiat mauris, auctor mauris malesuada lectus ut dictum massa turpis a quis tellus aliquam amet malesuada enim ac orci leo arcu justo blandit ut eu ornare cras. Orci risus magna est vitae enim sit turpis sed gravida dignissim cras dictum in metus id.</p>
<p>Venenatis sed tristique etiam risus odio sem scelerisque interdum non a tellus, fermentum cras luctus felis.</p>
]]></content:encoded>
					
					<wfw:commentRss>httphttps://github.com/Anh2206/anh2206.github.io.githttps://github.com/Anh2206/anh2206.github.io.git/san-pham/noorin-gold-ring-watch/feed/</wfw:commentRss>
			<slash:comments>0</slash:comments>
		
		
			</item>
		<item>
		<title>Allice gold necklace</title>
		<link>httphttps://github.com/Anh2206/anh2206.github.io.githttps://github.com/Anh2206/anh2206.github.io.git/san-pham/allice-gold-necklace/</link>
					<comments>httphttps://github.com/Anh2206/anh2206.github.io.githttps://github.com/Anh2206/anh2206.github.io.git/san-pham/allice-gold-necklace/#respond</comments>
		
		<dc:creator><![CDATA[anna2206]]></dc:creator>
		<pubDate>Mon, 26 Jul 2021 03:17:31 +0000</pubDate>
				<guid isPermaLink="false">httphttps://github.com/Anh2206/anh2206.github.io.githttps://github.com/Anh2206/anh2206.github.io.git/san-pham/allice-gold-necklace/</guid>

					<description><![CDATA[Cras in blandit semper eget interdum lacus ultrices ultricies malesuada magna nullam velit, elit scelerisque imperdiet natoque mi velit volutpat quis nibh sagittis orci sem orci sit feugiat mauris, auctor mauris malesuada lectus ut dictum massa turpis a quis tellus aliquam amet malesuada enim ac orci leo arcu justo blandit.]]></description>
										<content:encoded><![CDATA[<p>Cras in blandit semper eget interdum lacus, enim aliquet ut quam tincidunt volutpat congue mauris nibh justo, magnis amet velit nam mauris sociis amet neque mauris interdum ultrices nisi phasellus libero nunc.</p>
<p>Ut ultrices ultricies malesuada magna nullam velit, elit scelerisque imperdiet natoque mi velit volutpat quis nibh sagittis orci sem orci sit feugiat mauris, auctor mauris malesuada lectus ut dictum massa turpis a quis tellus aliquam amet malesuada enim ac orci leo arcu justo blandit ut eu ornare cras. Orci risus magna est vitae enim sit turpis sed gravida dignissim cras dictum in metus id.</p>
<p>Venenatis sed tristique etiam risus odio sem scelerisque interdum non a tellus, fermentum cras luctus felis.</p>
]]></content:encoded>
					
					<wfw:commentRss>httphttps://github.com/Anh2206/anh2206.github.io.githttps://github.com/Anh2206/anh2206.github.io.git/san-pham/allice-gold-necklace/feed/</wfw:commentRss>
			<slash:comments>0</slash:comments>
		
		
			</item>
		<item>
		<title>Allure black watch</title>
		<link>httphttps://github.com/Anh2206/anh2206.github.io.githttps://github.com/Anh2206/anh2206.github.io.git/san-pham/allure-black-watch/</link>
					<comments>httphttps://github.com/Anh2206/anh2206.github.io.githttps://github.com/Anh2206/anh2206.github.io.git/san-pham/allure-black-watch/#respond</comments>
		
		<dc:creator><![CDATA[anna2206]]></dc:creator>
		<pubDate>Mon, 26 Jul 2021 03:08:00 +0000</pubDate>
				<guid isPermaLink="false">httphttps://github.com/Anh2206/anh2206.github.io.githttps://github.com/Anh2206/anh2206.github.io.git/san-pham/allure-black-watch/</guid>

					<description><![CDATA[Cras in blandit semper eget interdum lacus ultrices ultricies malesuada magna nullam velit, elit scelerisque imperdiet natoque mi velit volutpat quis nibh sagittis orci sem orci sit feugiat mauris, auctor mauris malesuada lectus ut dictum massa turpis a quis tellus aliquam amet malesuada enim ac orci leo arcu justo blandit.]]></description>
										<content:encoded><![CDATA[<p>Cras in blandit semper eget interdum lacus, enim aliquet ut quam tincidunt volutpat congue mauris nibh justo, magnis amet velit nam mauris sociis amet neque mauris interdum ultrices nisi phasellus libero nunc.</p>
<p>Ut ultrices ultricies malesuada magna nullam velit, elit scelerisque imperdiet natoque mi velit volutpat quis nibh sagittis orci sem orci sit feugiat mauris, auctor mauris malesuada lectus ut dictum massa turpis a quis tellus aliquam amet malesuada enim ac orci leo arcu justo blandit ut eu ornare cras. Orci risus magna est vitae enim sit turpis sed gravida dignissim cras dictum in metus id.</p>
<p>Venenatis sed tristique etiam risus odio sem scelerisque interdum non a tellus, fermentum cras luctus felis.</p>
]]></content:encoded>
					
					<wfw:commentRss>httphttps://github.com/Anh2206/anh2206.github.io.githttps://github.com/Anh2206/anh2206.github.io.git/san-pham/allure-black-watch/feed/</wfw:commentRss>
			<slash:comments>0</slash:comments>
		
		
			</item>
		<item>
		<title>Chloe tortoise eyewear</title>
		<link>httphttps://github.com/Anh2206/anh2206.github.io.githttps://github.com/Anh2206/anh2206.github.io.git/san-pham/chloe-tortoise-eyewear/</link>
					<comments>httphttps://github.com/Anh2206/anh2206.github.io.githttps://github.com/Anh2206/anh2206.github.io.git/san-pham/chloe-tortoise-eyewear/#respond</comments>
		
		<dc:creator><![CDATA[anna2206]]></dc:creator>
		<pubDate>Mon, 26 Jul 2021 02:13:59 +0000</pubDate>
				<guid isPermaLink="false">httphttps://github.com/Anh2206/anh2206.github.io.githttps://github.com/Anh2206/anh2206.github.io.git/san-pham/chloe-tortoise-eyewear/</guid>

					<description><![CDATA[Cras in blandit semper eget interdum lacus ultrices ultricies malesuada magna nullam velit, elit scelerisque imperdiet natoque mi velit volutpat quis nibh sagittis orci sem orci sit feugiat mauris, auctor mauris malesuada lectus ut dictum massa turpis a quis tellus aliquam amet malesuada enim ac orci leo arcu justo blandit.]]></description>
										<content:encoded><![CDATA[<p>Cras in blandit semper eget interdum lacus, enim aliquet ut quam tincidunt volutpat congue mauris nibh justo, magnis amet velit nam mauris sociis amet neque mauris interdum ultrices nisi phasellus libero nunc.</p>
<p>Ut ultrices ultricies malesuada magna nullam velit, elit scelerisque imperdiet natoque mi velit volutpat quis nibh sagittis orci sem orci sit feugiat mauris, auctor mauris malesuada lectus ut dictum massa turpis a quis tellus aliquam amet malesuada enim ac orci leo arcu justo blandit ut eu ornare cras. Orci risus magna est vitae enim sit turpis sed gravida dignissim cras dictum in metus id.</p>
<p>Venenatis sed tristique etiam risus odio sem scelerisque interdum non a tellus, fermentum cras luctus felis.</p>
]]></content:encoded>
					
					<wfw:commentRss>httphttps://github.com/Anh2206/anh2206.github.io.githttps://github.com/Anh2206/anh2206.github.io.git/san-pham/chloe-tortoise-eyewear/feed/</wfw:commentRss>
			<slash:comments>0</slash:comments>
		
		
			</item>
	</channel>
</rss>
