<?xml version="1.0" encoding="UTF-8"?><rss version="2.0"
	xmlns:content="http://purl.org/rss/1.0/modules/content/"
	xmlns:dc="http://purl.org/dc/elements/1.1/"
	xmlns:atom="http://www.w3.org/2005/Atom"
	xmlns:sy="http://purl.org/rss/1.0/modules/syndication/"
	
	>
<channel>
	<title>
	Các phản hồi luận về: Allure black watch	</title>
	<atom:link href="httphttps://github.com/Anh2206/anh2206.github.io.githttps://github.com/Anh2206/anh2206.github.io.git/san-pham/allure-black-watch/feed/" rel="self" type="application/rss+xml" />
	<link>httphttps://github.com/Anh2206/anh2206.github.io.githttps://github.com/Anh2206/anh2206.github.io.git/san-pham/allure-black-watch/</link>
	<description></description>
	<lastBuildDate>Mon, 26 Jul 2021 03:08:00 +0000</lastBuildDate>
	<sy:updatePeriod>
	hourly	</sy:updatePeriod>
	<sy:updateFrequency>
	1	</sy:updateFrequency>
	<generator>https://wordpress.org/?v=6.3.1</generator>
</channel>
</rss>
