<?xml version="1.0" encoding="UTF-8"?><rss version="2.0"
	xmlns:content="http://purl.org/rss/1.0/modules/content/"
	xmlns:wfw="http://wellformedweb.org/CommentAPI/"
	xmlns:dc="http://purl.org/dc/elements/1.1/"
	xmlns:atom="http://www.w3.org/2005/Atom"
	xmlns:sy="http://purl.org/rss/1.0/modules/syndication/"
	xmlns:slash="http://purl.org/rss/1.0/modules/slash/"
	>

<channel>
	<title>Tops &#8211; Phương Anh Blogs</title>
	<atom:link href="httphttps://github.com/Anh2206/anh2206.github.io.githttps://github.com/Anh2206/anh2206.github.io.git/danh-muc-san-pham/tops/feed/" rel="self" type="application/rss+xml" />
	<link>httphttps://github.com/Anh2206/anh2206.github.io.githttps://github.com/Anh2206/anh2206.github.io.git</link>
	<description></description>
	<lastBuildDate>Mon, 26 Jul 2021 04:04:00 +0000</lastBuildDate>
	<language>vi</language>
	<sy:updatePeriod>
	hourly	</sy:updatePeriod>
	<sy:updateFrequency>
	1	</sy:updateFrequency>
	<generator>https://wordpress.org/?v=6.3.1</generator>
	<item>
		<title>Spark nigh party dress green</title>
		<link>httphttps://github.com/Anh2206/anh2206.github.io.githttps://github.com/Anh2206/anh2206.github.io.git/san-pham/spark-nigh-party-dress-green/</link>
					<comments>httphttps://github.com/Anh2206/anh2206.github.io.githttps://github.com/Anh2206/anh2206.github.io.git/san-pham/spark-nigh-party-dress-green/#respond</comments>
		
		<dc:creator><![CDATA[anna2206]]></dc:creator>
		<pubDate>Mon, 26 Jul 2021 04:04:00 +0000</pubDate>
				<guid isPermaLink="false">httphttps://github.com/Anh2206/anh2206.github.io.githttps://github.com/Anh2206/anh2206.github.io.git/san-pham/spark-nigh-party-dress-green/</guid>

					<description><![CDATA[Cras in blandit semper eget interdum lacus ultrices ultricies malesuada magna nullam velit, elit scelerisque imperdiet natoque mi velit volutpat quis nibh sagittis orci sem orci sit feugiat mauris, auctor mauris malesuada lectus ut dictum massa turpis a quis tellus aliquam amet malesuada enim ac orci leo arcu justo blandit.]]></description>
										<content:encoded><![CDATA[<p>Cras in blandit semper eget interdum lacus, enim aliquet ut quam tincidunt volutpat congue mauris nibh justo, magnis amet velit nam mauris sociis amet neque mauris interdum ultrices nisi phasellus libero nunc.</p>
<p>Ut ultrices ultricies malesuada magna nullam velit, elit scelerisque imperdiet natoque mi velit volutpat quis nibh sagittis orci sem orci sit feugiat mauris, auctor mauris malesuada lectus ut dictum massa turpis a quis tellus aliquam amet malesuada enim ac orci leo arcu justo blandit ut eu ornare cras. Orci risus magna est vitae enim sit turpis sed gravida dignissim cras dictum in metus id.</p>
<p>Venenatis sed tristique etiam risus odio sem scelerisque interdum non a tellus, fermentum cras luctus felis.</p>
]]></content:encoded>
					
					<wfw:commentRss>httphttps://github.com/Anh2206/anh2206.github.io.githttps://github.com/Anh2206/anh2206.github.io.git/san-pham/spark-nigh-party-dress-green/feed/</wfw:commentRss>
			<slash:comments>0</slash:comments>
		
		
			</item>
		<item>
		<title>Benne long sleeve shirt black</title>
		<link>httphttps://github.com/Anh2206/anh2206.github.io.githttps://github.com/Anh2206/anh2206.github.io.git/san-pham/benne-long-sleeve-shirt-black/</link>
					<comments>httphttps://github.com/Anh2206/anh2206.github.io.githttps://github.com/Anh2206/anh2206.github.io.git/san-pham/benne-long-sleeve-shirt-black/#respond</comments>
		
		<dc:creator><![CDATA[anna2206]]></dc:creator>
		<pubDate>Mon, 26 Jul 2021 03:44:12 +0000</pubDate>
				<guid isPermaLink="false">httphttps://github.com/Anh2206/anh2206.github.io.githttps://github.com/Anh2206/anh2206.github.io.git/san-pham/benne-long-sleeve-shirt-black/</guid>

					<description><![CDATA[Cras in blandit semper eget interdum lacus ultrices ultricies malesuada magna nullam velit, elit scelerisque imperdiet natoque mi velit volutpat quis nibh sagittis orci sem orci sit feugiat mauris, auctor mauris malesuada lectus ut dictum massa turpis a quis tellus aliquam amet malesuada enim ac orci leo arcu justo blandit.]]></description>
										<content:encoded><![CDATA[<p>Cras in blandit semper eget interdum lacus, enim aliquet ut quam tincidunt volutpat congue mauris nibh justo, magnis amet velit nam mauris sociis amet neque mauris interdum ultrices nisi phasellus libero nunc.</p>
<p>Ut ultrices ultricies malesuada magna nullam velit, elit scelerisque imperdiet natoque mi velit volutpat quis nibh sagittis orci sem orci sit feugiat mauris, auctor mauris malesuada lectus ut dictum massa turpis a quis tellus aliquam amet malesuada enim ac orci leo arcu justo blandit ut eu ornare cras. Orci risus magna est vitae enim sit turpis sed gravida dignissim cras dictum in metus id.</p>
<p>Venenatis sed tristique etiam risus odio sem scelerisque interdum non a tellus, fermentum cras luctus felis.</p>
]]></content:encoded>
					
					<wfw:commentRss>httphttps://github.com/Anh2206/anh2206.github.io.githttps://github.com/Anh2206/anh2206.github.io.git/san-pham/benne-long-sleeve-shirt-black/feed/</wfw:commentRss>
			<slash:comments>0</slash:comments>
		
		
			</item>
		<item>
		<title>Floral short dress red</title>
		<link>httphttps://github.com/Anh2206/anh2206.github.io.githttps://github.com/Anh2206/anh2206.github.io.git/san-pham/red-floral-short-dress/</link>
					<comments>httphttps://github.com/Anh2206/anh2206.github.io.githttps://github.com/Anh2206/anh2206.github.io.git/san-pham/red-floral-short-dress/#respond</comments>
		
		<dc:creator><![CDATA[anna2206]]></dc:creator>
		<pubDate>Mon, 26 Jul 2021 03:26:07 +0000</pubDate>
				<guid isPermaLink="false">httphttps://github.com/Anh2206/anh2206.github.io.githttps://github.com/Anh2206/anh2206.github.io.git/san-pham/red-floral-short-dress/</guid>

					<description><![CDATA[Cras in blandit semper eget interdum lacus ultrices ultricies malesuada magna nullam velit, elit scelerisque imperdiet natoque mi velit volutpat quis nibh sagittis orci sem orci sit feugiat mauris, auctor mauris malesuada lectus ut dictum massa turpis a quis tellus aliquam amet malesuada enim ac orci leo arcu justo blandit.]]></description>
										<content:encoded><![CDATA[<p>Cras in blandit semper eget interdum lacus, enim aliquet ut quam tincidunt volutpat congue mauris nibh justo, magnis amet velit nam mauris sociis amet neque mauris interdum ultrices nisi phasellus libero nunc.</p>
<p>Ut ultrices ultricies malesuada magna nullam velit, elit scelerisque imperdiet natoque mi velit volutpat quis nibh sagittis orci sem orci sit feugiat mauris, auctor mauris malesuada lectus ut dictum massa turpis a quis tellus aliquam amet malesuada enim ac orci leo arcu justo blandit ut eu ornare cras. Orci risus magna est vitae enim sit turpis sed gravida dignissim cras dictum in metus id.</p>
<p>Venenatis sed tristique etiam risus odio sem scelerisque interdum non a tellus, fermentum cras luctus felis.</p>
]]></content:encoded>
					
					<wfw:commentRss>httphttps://github.com/Anh2206/anh2206.github.io.githttps://github.com/Anh2206/anh2206.github.io.git/san-pham/red-floral-short-dress/feed/</wfw:commentRss>
			<slash:comments>0</slash:comments>
		
		
			</item>
		<item>
		<title>Silk long shirt white</title>
		<link>httphttps://github.com/Anh2206/anh2206.github.io.githttps://github.com/Anh2206/anh2206.github.io.git/san-pham/white-silk-long-shirt/</link>
					<comments>httphttps://github.com/Anh2206/anh2206.github.io.githttps://github.com/Anh2206/anh2206.github.io.git/san-pham/white-silk-long-shirt/#respond</comments>
		
		<dc:creator><![CDATA[anna2206]]></dc:creator>
		<pubDate>Mon, 26 Jul 2021 03:24:52 +0000</pubDate>
				<guid isPermaLink="false">httphttps://github.com/Anh2206/anh2206.github.io.githttps://github.com/Anh2206/anh2206.github.io.git/san-pham/white-silk-long-shirt/</guid>

					<description><![CDATA[Cras in blandit semper eget interdum lacus ultrices ultricies malesuada magna nullam velit, elit scelerisque imperdiet natoque mi velit volutpat quis nibh sagittis orci sem orci sit feugiat mauris, auctor mauris malesuada lectus ut dictum massa turpis a quis tellus aliquam amet malesuada enim ac orci leo arcu justo blandit.]]></description>
										<content:encoded><![CDATA[<p>Cras in blandit semper eget interdum lacus, enim aliquet ut quam tincidunt volutpat congue mauris nibh justo, magnis amet velit nam mauris sociis amet neque mauris interdum ultrices nisi phasellus libero nunc.</p>
<p>Ut ultrices ultricies malesuada magna nullam velit, elit scelerisque imperdiet natoque mi velit volutpat quis nibh sagittis orci sem orci sit feugiat mauris, auctor mauris malesuada lectus ut dictum massa turpis a quis tellus aliquam amet malesuada enim ac orci leo arcu justo blandit ut eu ornare cras. Orci risus magna est vitae enim sit turpis sed gravida dignissim cras dictum in metus id.</p>
<p>Venenatis sed tristique etiam risus odio sem scelerisque interdum non a tellus, fermentum cras luctus felis.</p>
]]></content:encoded>
					
					<wfw:commentRss>httphttps://github.com/Anh2206/anh2206.github.io.githttps://github.com/Anh2206/anh2206.github.io.git/san-pham/white-silk-long-shirt/feed/</wfw:commentRss>
			<slash:comments>0</slash:comments>
		
		
			</item>
		<item>
		<title>Scarlett red long dress</title>
		<link>httphttps://github.com/Anh2206/anh2206.github.io.githttps://github.com/Anh2206/anh2206.github.io.git/san-pham/scarlett-red-long-dress/</link>
					<comments>httphttps://github.com/Anh2206/anh2206.github.io.githttps://github.com/Anh2206/anh2206.github.io.git/san-pham/scarlett-red-long-dress/#respond</comments>
		
		<dc:creator><![CDATA[anna2206]]></dc:creator>
		<pubDate>Mon, 26 Jul 2021 02:10:12 +0000</pubDate>
				<guid isPermaLink="false">httphttps://github.com/Anh2206/anh2206.github.io.githttps://github.com/Anh2206/anh2206.github.io.git/san-pham/scarlett-red-long-dress/</guid>

					<description><![CDATA[Cras in blandit semper eget interdum lacus ultrices ultricies malesuada magna nullam velit, elit scelerisque imperdiet natoque mi velit volutpat quis nibh sagittis orci sem orci sit feugiat mauris, auctor mauris malesuada lectus ut dictum massa turpis a quis tellus aliquam amet malesuada enim ac orci leo arcu justo blandit.]]></description>
										<content:encoded><![CDATA[<p>Cras in blandit semper eget interdum lacus, enim aliquet ut quam tincidunt volutpat congue mauris nibh justo, magnis amet velit nam mauris sociis amet neque mauris interdum ultrices nisi phasellus libero nunc.</p>
<p>Ut ultrices ultricies malesuada magna nullam velit, elit scelerisque imperdiet natoque mi velit volutpat quis nibh sagittis orci sem orci sit feugiat mauris, auctor mauris malesuada lectus ut dictum massa turpis a quis tellus aliquam amet malesuada enim ac orci leo arcu justo blandit ut eu ornare cras. Orci risus magna est vitae enim sit turpis sed gravida dignissim cras dictum in metus id.</p>
<p>Venenatis sed tristique etiam risus odio sem scelerisque interdum non a tellus, fermentum cras luctus felis.</p>
]]></content:encoded>
					
					<wfw:commentRss>httphttps://github.com/Anh2206/anh2206.github.io.githttps://github.com/Anh2206/anh2206.github.io.git/san-pham/scarlett-red-long-dress/feed/</wfw:commentRss>
			<slash:comments>0</slash:comments>
		
		
			</item>
	</channel>
</rss>
